23,33,8L8Miop0ATD7i9MJdMmkifziSVI=,Q5rmR+mIMkrGmobfaFSF4cCLs1s=
22,33,8L8Miop0ATD7i9MJdMmkifziSVI=,Q5rmR+mIMkrGmobfaFSF4cCLs1s=
23,32,8L8Miop0ATD7i9MJdMmkifziSVI=,Q5rmR+mIMkrGmobfaFSF4cCLs1s=
22,32,8L8Miop0ATD7i9MJdMmkifziSVI=,Q5rmR+mIMkrGmobfaFSF4cCLs1s=
2,33,8L8Miop0ATD7i9MJdMmkifziSVI=,3yfrdOQlWjuOpT7FzmhUFyahMd8=
5,33,8L8Miop0ATD7i9MJdMmkifziSVI=,I40yEvjodBo8kB1/jXPmgh35+4E=
13,33,8L8Miop0ATD7i9MJdMmkifziSVI=,2/vRRAZ8CdwqAKR6NkaiPZ3HJHY=
12,33,8L8Miop0ATD7i9MJdMmkifziSVI=,2/vRRAZ8CdwqAKR6NkaiPZ3HJHY=
3,33,8L8Miop0ATD7i9MJdMmkifziSVI=,3yfrdOQlWjuOpT7FzmhUFyahMd8=
2,32,8L8Miop0ATD7i9MJdMmkifziSVI=,3yfrdOQlWjuOpT7FzmhUFyahMd8=
13,32,8L8Miop0ATD7i9MJdMmkifziSVI=,2/vRRAZ8CdwqAKR6NkaiPZ3HJHY=
4,33,8L8Miop0ATD7i9MJdMmkifziSVI=,I40yEvjodBo8kB1/jXPmgh35+4E=
12,32,8L8Miop0ATD7i9MJdMmkifziSVI=,2/vRRAZ8CdwqAKR6NkaiPZ3HJHY=
3,32,8L8Miop0ATD7i9MJdMmkifziSVI=,3yfrdOQlWjuOpT7FzmhUFyahMd8=
5,32,8L8Miop0ATD7i9MJdMmkifziSVI=,I40yEvjodBo8kB1/jXPmgh35+4E=
4,32,8L8Miop0ATD7i9MJdMmkifziSVI=,I40yEvjodBo8kB1/jXPmgh35+4E=
